PDPTime,SPDPTime,SHAPTime,FITime
138.53768301010132,9.029407262802124,5956.873853445053,89.34934687614441
