PDPTime,SPDPTime,SHAPTime,FITime
53.434136629104614,5.372666120529175,1.2021775245666504,10.844157218933105
