PDPTime,SPDPTime,SHAPTime,FITime
10.61799430847168,2.626133918762207,5888.831147670746,1.7349135875701904
