PDPTime,SPDPTime,SHAPTime,FITime
141.94152808189392,7.613926887512207,37.14538097381592,120.63537430763245
