PDPTime,SPDPTime,SHAPTime,FITime
37.28838515281677,5.424710988998413,0.8373887538909912,8.745921850204468
