PDPTime,SPDPTime,SHAPTime,FITime
77.4436366558075,11.500940084457397,0.9783535003662109,11.451356410980225
