PDPTime,SPDPTime,SHAPTime,FITime
56.72012758255005,3.529193162918091,40.069066524505615,112.92723369598389
