PDPTime,SPDPTime,SHAPTime,FITime
6.261796236038208,1.7481391429901123,6545.52964758873,2.0065250396728516
