PDPTime,SPDPTime,SHAPTime,FITime
10.027700662612915,3.0804970264434814,9946.918113946915,1.4590446949005127
