PDPTime,SPDPTime,SHAPTime,FITime
4.814119577407837,1.5045673847198486,5890.2125415802,1.909959316253662
