PDPTime,SPDPTime,SHAPTime,FITime
46.76517724990845,6.653932809829712,1.055826187133789,9.924879312515259
