PDPTime,SPDPTime,SHAPTime,FITime
84.59557318687439,7.257664203643799,3.4567649364471436,74.4238646030426
