PDPTime,SPDPTime,SHAPTime,FITime
99.79425263404846,12.22041630744934,0.8453338146209717,11.121206998825073
