PDPTime,SPDPTime,SHAPTime,FITime
4.83837103843689,1.2075748443603516,9455.206489562988,1.4190187454223633
