,nsga3_adaptation,custom_adaptation,nsga3_confidence,custom_confidence,nsga3_score,custom_score,score_diff,score_improvement[%],nsga3_time,custom_time,speed-up
0,"[6.48337753e-03 9.76396602e+01 9.99656942e+01 2.01551495e+01
 2.80000000e+01 9.40161000e+01 8.07624000e+01 6.35628000e+01
 1.00000000e+00]",[ 0.3396 98.827  99.9967 81.686  28.     94.0161 80.7624 63.5628  1.    ],[0.37391534 0.81353719],[0.37391534 0.80068751],82.24597943702099,19.829899999999952,-62.41607943702104,-0.7588952051427086,1.1843702793121338,0.026927947998046875,43.98293844737215
1,"[ 0.9014     98.17205429 99.36255264 14.06450033  6.         71.8208
 75.0593     60.5977      1.        ]","[5.15000000e-02 9.89540677e+01 9.99967000e+01 8.17817758e+01
 6.00000000e+00 7.18208000e+01 7.50593000e+01 6.05977000e+01
 1.00000000e+00]",[0.83930032 0.81070952],[0.86469409 0.70784431],89.30229273366598,19.31895656565655,-69.98333616800943,-0.783667854718208,11.624144554138184,0.01495981216430664,777.0247665189813
