PDPTime,SPDPTime,SHAPTime,FITime
87.93774342536926,14.23405647277832,0.8255264759063721,10.635090827941895
