PDPTime,SPDPTime,SHAPTime,FITime
40.57382321357727,3.572601556777954,3.825058937072754,74.84706854820251
