PDPTime,SPDPTime,SHAPTime,FITime
61.71248722076416,3.8551149368286133,5516.974424362183,96.15815663337708
