PDPTime,SPDPTime,SHAPTime,FITime
13.577900648117065,4.545562028884888,6750.556237697601,2.1949963569641113
